Date,Price,daily return,,Daily Volatility  =,0.019423528
04/17/2026,271.04,0.029005315,,,
04/16/2026,263.4,-0.011372593,,,
04/15/2026,266.43,0.029362902,,,
04/14/2026,258.83,-0.001427469,,,
04/13/2026,259.2,-0.004914005,,var =,3%
04/10/2026,260.48,-3.83892E-05,,,
04/09/2026,260.49,0.006141367,,,
04/08/2026,258.9,0.021301775,,portfolio money = ,10000
04/07/2026,253.5,-0.020706173,,,
04/06/2026,258.86,0.011487965,,Var = ,320.4882051
04/02/2026,255.92,0.001134452,,,
04/01/2026,255.63,0.007250089,,,
03/31/2026,253.79,0.029031342,,,
03/30/2026,246.63,-0.008721865,,,
03/27/2026,248.8,-0.01617304,,,
03/26/2026,252.89,0.001068799,,,
03/25/2026,252.62,0.003894452,,,
03/24/2026,251.64,0.000596445,,,
03/23/2026,251.49,0.014113472,,,
03/20/2026,247.99,-0.003896208,,,
03/19/2026,248.96,-0.003920941,,,
03/18/2026,249.94,-0.016874484,,,
03/17/2026,254.23,0.00557709,,,
03/16/2026,252.82,0.010794818,,,
03/13/2026,250.12,-0.022051924,,,
03/12/2026,255.76,-0.019362754,,,
03/11/2026,260.81,-7.66783E-05,,,
03/10/2026,260.83,0.003655533,,,
03/09/2026,259.88,0.009399518,,,
03/06/2026,257.46,-0.010872488,,,
03/05/2026,260.29,-0.008494591,,,
03/04/2026,262.52,-0.004663507,,,
03/03/2026,263.75,-0.003664249,,,
03/02/2026,264.72,0.002044061,,,
02/27/2026,264.18,-0.032130427,,,
02/26/2026,272.95,-0.004667615,,,
02/25/2026,274.23,0.007679871,,,
02/24/2026,272.14,0.022390863,,,
02/23/2026,266.18,0.00604732,,,
02/20/2026,264.58,0.015350372,,,
02/19/2026,260.58,-0.014261396,,,
02/18/2026,264.35,0.001781113,,,
02/17/2026,263.88,0.03166784,,,
02/13/2026,255.78,-0.022733351,,,
02/12/2026,261.73,-0.049981851,,,
02/11/2026,275.5,0.006650102,,,
02/10/2026,273.68,-0.003422912,,,
02/09/2026,274.62,-0.012584496,,,
02/06/2026,278.12,0.008009858,,,
02/05/2026,275.91,-0.002097725,,,
02/04/2026,276.49,0.026013062,,,
02/03/2026,269.48,-0.00196289,,,
02/02/2026,270.01,0.040581162,,,
01/30/2026,259.48,0.00464612,,,
01/29/2026,258.28,0.007175168,,,
01/28/2026,256.44,-0.007085608,,,
01/27/2026,258.27,0.011197682,,,
01/26/2026,255.41,0.02971295,,,
01/23/2026,248.04,-0.001248238,,,
01/22/2026,248.35,0.00282657,,,
01/21/2026,247.65,0.003850831,,,
01/20/2026,246.7,-0.034555629,,,
01/16/2026,255.53,-0.010379149,,,
01/15/2026,258.21,-0.006731805,,,
01/14/2026,259.96,-0.004175445,,,
01/13/2026,261.05,0.003073967,,,
01/12/2026,260.25,0.003392836,,,
01/09/2026,259.37,0.001273935,,,
01/08/2026,259.04,-0.004955249,,,
01/07/2026,260.33,-0.00773746,,,
01/06/2026,262.36,-0.018334206,,,
01/05/2026,267.26,-0.013837128,,,
01/02/2026,271.01,-0.003126609,,,
12/31/2025,271.86,-0.004467555,,,
12/30/2025,273.08,-0.002483928,,,
12/29/2025,273.76,0.001316752,,,
12/26/2025,273.4,-0.001497389,,,
12/24/2025,273.81,0.005323836,,,
12/23/2025,272.36,0.005129719,,,
12/22/2025,270.97,-0.009865897,,,
12/19/2025,273.67,0.005437378,,,
12/18/2025,272.19,0.001287522,,,
12/17/2025,271.84,-0.010087033,,,
12/16/2025,274.61,0.001824085,,,
12/15/2025,274.11,-0.014984907,,,
12/12/2025,278.28,0.000899184,,,
12/11/2025,278.03,-0.002690293,,,
12/10/2025,278.78,0.005772422,,,
12/09/2025,277.18,-0.002554968,,,
12/08/2025,277.89,-0.003192482,,,
12/05/2025,278.78,-0.006840043,,,
12/04/2025,280.7,-0.012141475,,,
12/03/2025,284.15,-0.007128132,,,
12/02/2025,286.19,0.010914871,,,
12/01/2025,283.1,0.015241169,,,
11/28/2025,278.85,0.004683841,,,
11/26/2025,277.55,0.00209409,,,
11/25/2025,276.97,0.003805451,,,
11/24/2025,275.92,0.01631736,,,
11/21/2025,271.49,0.019680751,,,
11/20/2025,266.25,-0.00860143,,,
11/19/2025,268.56,0.004187855,,,
11/18/2025,267.44,-7.47775E-05,,,
11/17/2025,267.46,-0.018171139,,,
11/14/2025,272.41,-0.001978384,,,
11/13/2025,272.95,-0.001901488,,,
11/12/2025,273.47,-0.006466848,,,
11/11/2025,275.25,0.021601158,,,
11/10/2025,269.43,0.003575819,,,
11/07/2025,268.47,-0.00481892,,,
11/06/2025,269.77,-0.00136966,,,
11/05/2025,270.14,0.000370316,,,
11/04/2025,270.04,0.003679613,,,
11/03/2025,269.05,-0.004882198,,,
10/31/2025,270.37,-0.003795136,,,
10/30/2025,271.4,0.0063033,,,
10/29/2025,269.7,0.00260223,,,
10/28/2025,269,0.000706819,,,
10/27/2025,268.81,0.022791264,,,
10/24/2025,262.82,0.012481701,,,
10/23/2025,259.58,0.004372219,,,
10/22/2025,258.45,-0.016440233,,,
10/21/2025,262.77,0.002021049,,,
10/20/2025,262.24,0.039438741,,,
10/17/2025,252.29,0.019559507,,,
10/16/2025,247.45,-0.007580011,,,
10/15/2025,249.34,0.006336522,,,
10/14/2025,247.77,0.000444157,,,
10/13/2025,247.66,0.009744363,,,
10/10/2025,245.27,-0.034522123,,,
10/09/2025,254.04,-0.015577773,,,
10/08/2025,258.06,0.006160324,,,
10/07/2025,256.48,-0.000818107,,,
10/06/2025,256.69,-0.005154639,,,
10/03/2025,258.02,0.003461284,,,
10/02/2025,257.13,0.006576629,,,
10/01/2025,255.45,0.003220359,,,
09/30/2025,254.63,0.000786071,,,
09/29/2025,254.43,-0.004031942,,,
09/26/2025,255.46,-0.005489158,,,
09/25/2025,256.87,0.018073005,,,
09/24/2025,252.31,-0.008332351,,,
09/23/2025,254.43,-0.006443299,,,
09/22/2025,256.08,0.043095723,,,
09/19/2025,245.5,0.032032958,,,
09/18/2025,237.88,-0.004644546,,,
09/17/2025,238.99,0.003527189,,,
09/16/2025,238.15,0.006125898,,,
09/15/2025,236.7,0.011235955,,,
09/12/2025,234.07,0.017562927,,,
09/11/2025,230.03,0.014286344,,,
09/10/2025,226.79,-0.032259441,,,
09/09/2025,234.35,-0.014839415,,,
09/08/2025,237.88,-0.007551421,,,
09/05/2025,239.69,-0.000375344,,,
09/04/2025,239.78,0.005493353,,,
09/03/2025,238.47,0.038089849,,,
09/02/2025,229.72,-0.010424744,,,
08/29/2025,232.14,-0.001805986,,,
08/28/2025,232.56,0.008980867,,,
08/27/2025,230.49,0.005145872,,,
08/26/2025,229.31,0.009464694,,,
08/25/2025,227.16,-0.002634352,,,
08/22/2025,227.76,0.012716763,,,
08/21/2025,224.9,-0.004911287,,,
08/20/2025,226.01,-0.019734559,,,
08/19/2025,230.56,-0.001429252,,,
08/18/2025,230.89,-0.003022583,,,
08/15/2025,231.59,-0.005112123,,,
08/14/2025,232.78,-0.002357177,,,
08/13/2025,233.33,0.016024385,,,
08/12/2025,229.65,0.010872436,,,
08/11/2025,227.18,-0.009461522,,,
08/08/2025,229.35,0.04235786,,,
08/07/2025,220.03,0.031793669,,,
08/06/2025,213.25,0.050906761,,,
08/05/2025,202.92,-0.002114581,,,
08/04/2025,203.35,0.004792964,,,
08/01/2025,202.38,-0.025003613,,,
07/31/2025,207.57,-0.007079646,,,
07/30/2025,209.05,-0.010507881,,,
07/29/2025,211.27,-0.01298762,,,
07/28/2025,214.05,0.000794838,,,
07/25/2025,213.88,0.000561377,,,
07/24/2025,213.76,-0.001821153,,,
07/23/2025,214.15,-0.001166045,,,
07/22/2025,214.4,0.009036145,,,
07/21/2025,212.48,0.006155886,,,
07/18/2025,211.18,0.005523283,,,
07/17/2025,210.02,-0.000666159,,,
07/16/2025,210.16,0.005021281,,,
07/15/2025,209.11,0.002348768,,,
07/14/2025,208.62,-0.012028793,,,
07/11/2025,211.16,-0.005884845,,,
07/10/2025,212.41,0.006014966,,,
07/09/2025,211.14,0.005380696,,,
07/08/2025,210.01,0.000285782,,,
07/07/2025,209.95,-0.016857879,,,
07/03/2025,213.55,0.005225005,,,
07/02/2025,212.44,0.022230777,,,
07/01/2025,207.82,0.012916118,,,
06/30/2025,205.17,0.020340163,,,
06/27/2025,201.08,0.00039801,,,
06/26/2025,201,-0.002778329,,,
06/25/2025,201.56,0.006290564,,,
06/24/2025,200.3,-0.005955335,,,
06/23/2025,201.5,0.002487562,,,
06/20/2025,201,0.022484485,,,
06/18/2025,196.58,0.004804743,,,
06/17/2025,195.64,-0.014010684,,,
06/16/2025,198.42,0.010027997,,,
06/13/2025,196.45,-0.013805221,,,
06/12/2025,199.2,0.002112889,,,
06/11/2025,198.78,-0.019193763,,,
06/10/2025,202.67,0.006056093,,,
06/09/2025,201.45,-0.012112593,,,
06/06/2025,203.92,0.016398345,,,
06/05/2025,200.63,-0.010797752,,,
06/04/2025,202.82,-0.002213804,,,
06/03/2025,203.27,0.007783837,,,
06/02/2025,201.7,0.004232014,,,
05/30/2025,200.85,0.004501125,,,
05/29/2025,199.95,-0.002345075,,,
05/28/2025,200.42,0.001048899,,,
05/27/2025,200.21,0.025298305,,,
05/23/2025,195.27,-0.030244338,,,
05/22/2025,201.36,-0.003612252,,,
05/21/2025,202.09,-0.023059074,,,
05/20/2025,206.86,-0.009196283,,,
05/19/2025,208.78,-0.011739089,,,
05/16/2025,211.26,-0.000898558,,,
05/15/2025,211.45,-0.004144492,,,
05/14/2025,212.33,-0.002817827,,,
05/13/2025,212.93,0.010152284,,,
05/12/2025,210.79,0.061753891,,,
05/09/2025,198.53,0.005266089,,,
05/08/2025,197.49,0.006318471,,,
05/07/2025,196.25,-0.011384817,,,
05/06/2025,198.51,-0.001910604,,,
05/05/2025,198.89,-0.031458486,,,
05/02/2025,205.35,-0.03736171,,,
05/01/2025,213.32,0.003858824,,,
04/30/2025,212.5,0.006107665,,,
04/29/2025,211.21,0.005091844,,,
04/28/2025,210.14,0.004109327,,,
04/25/2025,209.28,0.004367231,,,
04/24/2025,208.37,0.018426197,,,
04/23/2025,204.6,0.024331631,,,
04/22/2025,199.74,0.034065024,,,
04/21/2025,193.16,-0.019392832,,,
04/17/2025,196.98,0.013949658,,,
04/16/2025,194.27,-0.038933412,,,
04/15/2025,202.14,-0.001876358,,,
04/14/2025,202.52,0.022053999,,,
04/11/2025,198.15,0.040594475,,,
04/10/2025,190.42,-0.042393764,,,
04/09/2025,198.85,0.153288482,,,
04/08/2025,172.42,-0.049818142,,,
04/07/2025,181.46,-0.036734261,,,
04/04/2025,188.38,-0.072887445,,,
04/03/2025,203.19,-0.092456117,,,
04/02/2025,223.89,0.003136341,,,
04/01/2025,223.19,0.00477198,,,
03/31/2025,222.13,0.019412575,,,
03/28/2025,217.9,-0.026580299,,,
03/27/2025,223.85,0.010472622,,,
03/26/2025,221.53,-0.009921788,,,
03/25/2025,223.75,0.013681874,,,
03/24/2025,220.73,0.011270445,,,
03/21/2025,218.27,0.01947688,,,
03/20/2025,214.1,-0.005296413,,,
03/19/2025,215.24,0.01198928,,,
03/18/2025,212.69,-0.006121495,,,
03/17/2025,214,0.002388871,,,
03/14/2025,213.49,0.018170546,,,
03/13/2025,209.68,-0.033643654,,,
03/12/2025,216.98,-0.017478718,,,
03/11/2025,220.84,-0.029189379,,,
03/10/2025,227.48,-0.048479525,,,
03/07/2025,239.07,0.015892576,,,
03/06/2025,235.33,-0.001739204,,,
03/05/2025,235.74,-0.000805324,,,
03/04/2025,235.93,-0.008822417,,,
03/03/2025,238.03,-0.015754218,,,
02/28/2025,241.84,0.019131901,,,
02/27/2025,237.3,-0.012730904,,,
02/26/2025,240.36,-0.027040155,,,
02/25/2025,247.04,-0.000242817,,,
02/24/2025,247.1,0.00631236,,,
02/21/2025,245.55,-0.001138998,,,
02/20/2025,245.83,0.003920448,,,
02/19/2025,244.87,0.001636193,,,
02/18/2025,244.47,-0.00053148,,,
02/14/2025,244.6,0.012710636,,,
02/13/2025,241.53,0.019673238,,,
02/12/2025,236.87,0.01827014,,,
02/11/2025,232.62,0.021831759,,,
02/10/2025,227.65,8.78619E-05,,,
02/07/2025,227.63,-0.023968785,,,
02/06/2025,233.22,0.003226223,,,
02/05/2025,232.47,-0.001417526,,,
02/04/2025,232.8,0.021007851,,,
02/03/2025,228.01,-0.033855932,,,
01/31/2025,236,-0.006692201,,,
01/30/2025,237.59,-0.007394719,,,
01/29/2025,239.36,0.004616805,,,
01/28/2025,238.26,0.036543983,,,
01/27/2025,229.86,0.031780232,,,
01/24/2025,222.78,-0.003934544,,,
01/23/2025,223.66,-0.000759505,,,
01/22/2025,223.83,0.005344951,,,
01/21/2025,222.64,-0.031915819,,,
01/17/2025,229.98,0.007535267,,,
01/16/2025,228.26,-0.040400219,,,
01/15/2025,237.87,0.019675926,,,
01/14/2025,233.28,-0.004778157,,,
01/13/2025,234.4,-0.0103441,,,
01/10/2025,236.85,-0.024103832,,,
01/08/2025,242.7,0.002023038,,,
01/07/2025,242.21,-0.011387755,,,
01/06/2025,245,0.006738988,,,
01/03/2025,243.36,-0.002009432,,,
01/02/2025,243.85,,,,
,,,,,
